stack	ILP-STACK-PUSH	0	0	2	0	0	7	0	0	1	45
stack	ILP-STACK-POP	0	0	0	0	0	6	0	0	1	29
stack	ILP-STACK-PEEK	0	0	0	0	0	6	0	0	1	30
hash	ILP-HASH-INDEX	0	0	1	0	0	3	0	0	0	22
hash	ILP-HASH-PUT	0	0	19	0	0	46	1	3	4	274
hash	ILP-HASH-GET	0	0	9	0	0	27	1	3	2	176
heap	ILP-HEAP-PUSH	0	0	2	0	0	14	0	4	7	214
heap	ILP-HEAP-POP	0	0	1	0	0	19	0	6	10	247
ring	ILP-RING-ENQUEUE	0	0	2	0	0	10	0	0	1	66
ring	ILP-RING-DEQUEUE	0	0	1	0	0	10	0	0	0	51
ring	ILP-RING-PEEK	0	0	0	0	0	6	0	0	1	26
tokenizer	ILP-TOK-NEXT	0	0	1	0	0	15	0	4	2	267
tokenizer	ILP-TOK-DIGEST	0	0	1	0	0	9	0	8	3	329
vec2	ILP-VEC2-LENGTH	0	0	0	0	1	3	0	0	0	17
vec2	ILP-VEC2-NORMALIZE	0	0	1	0	1	6	0	2	0	55
vec2	ILP-VEC2-DOT	0	0	0	0	1	4	0	0	0	16
