# rank	system	release	referrers
# dist: quicklisp 2026-01-01
1	alexandria	alexandria-20241012-git	757
2	fiveam	fiveam-20241012-git	362
3	cl-ppcre	cl-ppcre-20250622-git	360
4	cffi	cffi-20260101-git	285
5	closer-mop	closer-mop-20260101-git	224
6	bordeaux-threads	bordeaux-threads-v0.9.4	220
7	uiop	uiop-3.3.7	178
8	split-sequence	split-sequence-v2.0.1	167
9	iterate	iterate-release-d27d7ff4-git	157
10	babel	babel-20260101-git	147
11	local-time	local-time-20260101-git	143
12	prove	prove-20200218-git	137
13	flexi-streams	flexi-streams-20241012-git	125
14	documentation-utils	documentation-utils-20260101-git	115
15	trivial-garbage	trivial-garbage-20231021-git	114
16	named-readtables	named-readtables-20260101-git	111
17	drakma	drakma-v2.0.10	106
18	parachute	parachute-20260101-git	103
19	trivial-features	trivial-features-20250622-git	103
20	usocket	usocket-0.8.9	96
21	cl-fad	cl-fad-20220220-git	87
22	rove	rove-20260101-git	83
23	trivial-gray-streams	trivial-gray-streams-20241012-git	81
24	ironclad	ironclad-v0.61	80
25	serapeum	serapeum-20260101-git	74
26	trivia	trivia-20260101-git	66
27	cl-json	cl-json-20220707-git	65
28	hunchentoot	hunchentoot-v1.3.1	64
29	str	cl-str-20260101-git	63
30	cl-base64	cl-base64-20201016-git	61
31	dexador	dexador-20260101-git	60
32	anaphora	anaphora-20220220-git	59
33	quri	quri-20260101-git	58
34	yason	yason-20250622-git	58
35	log4cl	log4cl-20230618-git	51
36	parse-number	parse-number-v1.8	51
37	lisp-unit	lisp-unit-20170124-git	48
38	swank	slime-v2.32	44
39	cxml	cxml-20250622-git	42
40	hu.dwim.stefil	hu.dwim.stefil-stable-git	42
41	trivial-utf-8	trivial-utf-8-20250622-git	37
42	lift	lift-20231021-git	36
43	jonathan	jonathan-20200925-git	35
44	lparallel	lparallel-20160825-git	33
45	esrap	esrap-20260101-git	32
46	metabang-bind	metabang-bind-20230618-git	31
47	osicat	osicat-20260101-git	31
48	plump	plump-20260101-git	31
49	static-vectors	static-vectors-v1.9.3	31
50	trivial-types	trivial-types-20120407-git	30
51	cl+ssl	cl+ssl-20260101-git	29
52	parenscript	parenscript-20250622-git	29
53	puri	puri-20201016-git	29
54	stefil	stefil-20181210-git	29
55	40ants-doc	doc-20260101-git	28
56	rt	rt-20101006-git	28
57	cl-interpol	cl-interpol-20221106-git	27
58	cl-opengl	cl-opengl-20260101-git	27
59	cl-who	cl-who-20260101-git	27
60	float-features	float-features-20260101-git	27
61	lisp-unit2	lisp-unit2-20230214-git	27
62	parse-float	parse-float-20260101-git	27
63	40ants-asdf-system	40ants-asdf-system-20250622-git	26
64	fast-io	fast-io-20221106-git	26
65	ieee-floats	ieee-floats-20220220-git	26
66	let-plus	let-plus-20191130-git	26
67	optima	optima-20150709-git	26
68	1am	1am-20141106-git	25
69	40ants-ci	ci-20250622-git	25
70	docs-builder	docs-builder-20250622-git	24
71	hu.dwim.asdf	hu.dwim.asdf-stable-git	24
72	pythonic-string-reader	pythonic-string-reader-20180711-git	24
73	cl-syntax	cl-syntax-20150407-git	23
74	fiasco	fiasco-20200610-git	23
75	md5	md5-20210630-git	22
76	nibbles	nibbles-20250622-git	22
77	pathname-utils	pathname-utils-20260101-git	22
78	clack	clack-20250622-git	21
79	trivial-backtrace	trivial-backtrace-20230214-git	21
80	mfiano-utils	mfiano-utils-20230214-git	20
81	uuid	uuid-20200715-git	20
82	asdf-package-system	asdf-package-system-20150608-git	19
83	chipz	chipz-20230618-git	19
84	global-vars	global-vars-20141106-git	19
85	salza2	salza2-2.1	19
86	hu.dwim.def	hu.dwim.def-stable-git	17
87	clunit2	clunit2-20260101-git	16
88	fset	fset-v2.2.0	16
89	hu.dwim.defclass-star	hu.dwim.defclass-star-stable-git	16
90	jingoh	jingoh-20220707-git	16
91	com.inuoe.jzon	jzon-v1.1.4	16
92	cl-store	cl-store-20230214-git	15
93	clsql	clsql-20221106-git	15
94	iolib	iolib-v0.8.4	15
95	lack	lack-20260101-git	15
96	mgl-pax	mgl-pax-20260101-git	15
97	postmodern	postmodern-20260101-git	15
98	cl-reexport	cl-reexport-20210228-git	14
99	dissect	dissect-20260101-git	14
100	fare-utils	fare-utils-20230214-git	14
101	hu.dwim.util	hu.dwim.util-stable-git	14
102	lquery	lquery-20260101-git	14
103	spinneret	spinneret-20260101-git	14
104	trivial-indent	trivial-indent-20260101-git	14
105	trivial-mimes	trivial-mimes-20260101-git	14
106	cl-annot	cl-annot-20150608-git	13
107	cl-containers	cl-containers-20241012-git	13
108	sdl2	cl-sdl2-20231021-git	13
109	yacc	cl-yacc-20260101-git	13
110	fare-quasiquote	fare-quasiquote-20200925-git	13
111	introspect-environment	introspect-environment-20241012-git	13
112	s-xml	s-xml-20150608-git	13
113	symbol-munger	symbol-munger-20220220-git	13
114	trivial-shell	trivial-shell-20241012-git	13
115	vom	vom-20241012-git	13
116	atomics	atomics-20260101-git	12
117	cl-dbi	cl-dbi-20260101-git	12
118	cl-utilities	cl-utilities-1.2.4	12
119	external-program	external-program-20241012-git	12
120	hu.dwim.syntax-sugar	hu.dwim.syntax-sugar-stable-git	12
121	lambda-fiddle	lambda-fiddle-20260101-git	12
122	moptilities	moptilities-20170403-git	12
123	array-operations	array-operations-1.2.1	11
124	cl-autowrap	cl-autowrap-20241012-git	11
125	jsown	jsown-20200218-git	11
126	num-utils	numerical-utilities-20260101-git	11
127	trivial-arguments	trivial-arguments-20260101-git	11
128	xmls	xmls-release-310ba849-git	11
129	zpng	zpng-1.2.2	11
130	3bmd	3bmd-20250622-git	10
131	arrows	arrows-20181018-git	10
132	bodge-blobs-support	bodge-blobs-support-stable-git	10
133	cl-async	cl-async-20250622-git	10
134	cl-unicode	cl-unicode-20241012-git	10
135	claw	claw-stable-git	10
136	command-line-arguments	command-line-arguments-20210807-git	10
137	common-doc	common-doc-20230214-git	10
138	hu.dwim.common	hu.dwim.common-stable-git	10
139	mcclim	mcclim-20260101-git	10
140	ningle	ningle-20241012-git	10
141	reblocks	reblocks-20260101-git	10
142	trivial-cltl2	trivial-cltl2-20211230-git	10
143	arnesi	arnesi-20250622-git	9
144	assoc-utils	assoc-utils-20241012-git	9
145	cepl	cepl-release-quicklisp-543c9fc1-git	9
146	chunga	chunga-20260101-git	9
147	cl-cont	cl-cont-20110219-darcs	9
148	com.google.base	com.google.base-20200925-git	9
149	hu.dwim.logger	hu.dwim.logger-stable-git	9
150	hu.dwim.walker	hu.dwim.walker-stable-git	9
151	kmrcl	kmrcl-20201016-git	9
152	aserve	portableaserve-20190813-git	9
153	rtg-math	rtg-math-release-quicklisp-29fc5b3d-git	9
154	rutils	rutils-20221106-git	9
155	st-json	st-json-20210630-git	9
156	trivial-timeout	trivial-timeout-20231021-git	9
157	acclimation	acclimation-20241012-git	8
158	alexandria+	alexandria-plus-20250622-git	8
159	blackbird	blackbird-20241012-git	8
160	cffi-c-ref	cffi-c-ref-stable-git	8
161	cl-ansi-text	cl-ansi-text-20211020-git	8
162	cl-ascii-table	cl-ascii-table-20200610-git	8
163	cl-colors2	cl-colors2-20250622-git	8
164	cl-jpeg	cl-jpeg-20230214-git	8
165	contextl	contextl-20241012-git	8
166	do-urlencode	do-urlencode-20181018-git	8
167	fast-http	fast-http-20241012-git	8
168	form-fiddle	form-fiddle-20260101-git	8
169	inferior-shell	inferior-shell-20241012-git	8
170	map-bind	map-bind-20120811-git	8
171	xpath	plexippus-xpath-20190521-git	8
172	trivial-extensible-sequences	trivial-extensible-sequences-20260101-git	8
173	trivial-macroexpand-all	trivial-macroexpand-all-20171023-git	8
174	trivial-open-browser	trivial-open-browser-20260101-git	8
175	trivial-package-local-nicknames	trivial-package-local-nicknames-20220220-git	8
176	verbose	verbose-20260101-git	8
177	zpb-ttf	zpb-ttf-20250622-git	8
178	array-utils	array-utils-20260101-git	7
179	arrow-macros	arrow-macros-20241012-git	7
180	chanl	chanl-20250622-git	7
181	cl-markdown	cl-markdown-20191227-git	7
182	sqlite	cl-sqlite-20190813-git	7
183	cl-strings	cl-strings-20210411-git	7
184	gt	cl-utils-20260101-git	7
185	cl-yaml	cl-yaml-20260101-git	7
186	claw-utils	claw-utils-stable-git	7
187	clx	clx-20260101-git	7
188	djula	djula-20260101-git	7
189	documentation-utils-extensions	documentation-utils-extensions-20220707-git	7
190	lass	lass-20260101-git	7
191	lisp-namespace	lisp-namespace-20221106-git	7
192	local-time-duration	local-time-duration-20180430-git	7
193	metatilities-base	metatilities-base-20191227-git	7
194	com.gigamonkeys.macro-utilities	monkeylib-macro-utilities-20111203-git	7
195	com.gigamonkeys.utilities	monkeylib-utilities-20170403-git	7
196	s-base64	s-base64-20130128-git	7
197	slynk	sly-20260101-git	7
198	trivial-utilities	trivial-utilities-20220707-git	7
199	vecto	vecto-1.6	7
200	websocket-driver	websocket-driver-20260101-git	7
201	zip	zip-20150608-git	7
202	agnostic-lizard	agnostic-lizard-20241012-git	6
203	asdf-system-connections	asdf-system-connections-20170124-git	6
204	cl-cairo2	cl-cairo2-20211020-git	6
205	cl-csv	cl-csv-20241012-git	6
206	cl-dot	cl-dot-20241012-git	6
207	cl-markup	cl-markup-20131003-git	6
208	cl-mock	cl-mock-20221106-git	6
209	codex	codex-20241012-git	6
210	collectors	collectors-20241012-git	6
211	cxml-stp	cxml-stp-20200325-git	6
212	defpackage-plus	defpackage-plus-20180131-git	6
213	deoxybyte-systems	deoxybyte-systems-20140113-git	6
214	eos	eos-20200925-git	6
215	find-port	find-port-20230214-git	6
216	kebab	kebab-20150608-git	6
217	lispbuilder-sdl	lispbuilder-20250622-git	6
218	log4cl-extras	log4cl-extras-20260101-git	6
219	more-conditions	more-conditions-20250622-git	6
220	parse-declarations-1.0	parse-declarations-20101006-darcs	6
221	pngload	pngload-20241012-git	6
222	select	select-20241012-git	6
223	shasht	shasht-20260101-git	6
224	string-case	string-case-20180711-git	6
225	tmpdir	tmpdir-20200218-git	6
226	trivial-main-thread	trivial-main-thread-20260101-git	6
227	3d-vectors	3d-vectors-20260101-git	5
228	access	access-20250622-git	5
229	agutil	agutil-20210531-git	5
230	ansi-test-harness	ansi-test-harness-20231021-git	5
231	binary-structures	binary-structures-20260101-git	5
232	closure-template	cl-closure-template-20150804-git	5
233	cl-cookie	cl-cookie-20241012-git	5
234	cl-css	cl-css-20140914-git	5
235	cl-gendoc	cl-gendoc-20180831-git	5
236	hamcrest	cl-hamcrest-20250622-git	5
237	cl-hash-util	cl-hash-util-20241012-git	5
238	cl-heredoc	cl-heredoc-20220707-git	5
239	clog	clog-20260101-git	5
240	closure-html	closure-html-20180711-git	5
241	clunit	clunit-20171019-git	5
242	colorize	colorize-20250622-git	5
243	common-html	common-html-20210807-git	5
244	deploy	deploy-20260101-git	5
245	docparser	docparser-20230214-git	5
246	gzip-stream	gzip-stream_0.2.8	5
247	lichat-protocol	lichat-protocol-20260101-git	5
248	40ants-logging	logging-20260101-git	5
249	magicl	magicl-v0.11.0	5
250	mathkit	mathkit-20160208-git	5
251	mito	mito-20260101-git	5
252	mmap	mmap-20260101-git	5
253	com.gigamonkeys.pathnames	monkeylib-pathnames-20120208-git	5
254	mw-equiv	mw-equiv-0.1.3	5
255	opticl	opticl-20220220-git	5
256	ptester	ptester-20160929-git	5
257	queues	queues-20170124-git	5
258	secret-values	secret-values-20201220-git	5
259	skippy	skippy-1.3.12	5
260	swap-bytes	swap-bytes-v1.2	5
261	sxql	sxql-20260101-git	5
262	unit-test	unit-test-20120520-git	5
263	varjo	varjo-release-quicklisp-92f9c75b-git	5
264	3d-math	3d-math-20260101-git	4
265	40ants-slynk	40ants-slynk-20241012-git	4
266	binascii	binascii-20150709-git	4
267	binding-arrows	binding-arrows-20241012-git	4
268	bodge-utilities	bodge-utilities-stable-git	4
269	cl-collider	cl-collider-20260101-git	4
270	cl-colors	cl-colors-20180328-git	4
271	cl-conspack	cl-conspack-20230214-git	4
272	cl-coveralls	cl-coveralls-20250622-git	4
273	cl-cpus	cl-cpus-20230618-git	4
274	cl-environments	cl-environments-20250622-git	4
275	frugal-uuid	cl-frugal-uuid-20260101-git	4
276	sento	cl-gserver-20260101-git	4
277	cl-html5-parser	cl-html5-parser-20190521-git	4
278	cl-inflector	cl-inflector-20150113-git	4
279	cl-log	cl-log-20241012-git	4
280	marshal	cl-marshal-20241012-git	4
281	cl-messagepack	cl-messagepack-20231021-git	4
282	cl-mustache	cl-mustache-20241012-git	4
283	cl-package-locks	cl-package-locks-20111203-git	4
284	cl-pdf	cl-pdf-20231021-git	4
285	cl-readline	cl-readline-20250622-git	4
286	cl-redis	cl-redis-20250622-git	4
287	routes	cl-routes-20170124-git	4
288	cl-spark	cl-spark-20150709-git	4
289	cl-speedy-queue	cl-speedy-queue-20150302-git	4
290	cl-vectors	cl-vectors-20241012-git	4
291	common-lisp-jupyter	common-lisp-jupyter-20250622-git	4
292	compatible-metaclasses	compatible-metaclasses_1.0	4
293	curry-compose-reader-macros	curry-compose-reader-macros-20201220-git	4
294	data-frame	data-frame-20260101-git	4
295	deoxybyte-io	deoxybyte-io-20140113-git	4
296	eclector	eclector-20260101-git	4
297	enhanced-boolean	enhanced-boolean_1.0	4
298	enhanced-eval-when	enhanced-eval-when_2.0	4
299	enhanced-find-class	enhanced-find-class_1.0	4
300	fare-memoization	fare-memoization-20180430-git	4
301	file-attributes	file-attributes-20260101-git	4
302	fn	fn-20241012-git	4
303	generic-cl	generic-cl-20250622-git	4
304	glad-blob	glad-blob-stable-git	4
305	graph	graph-20260101-git	4
306	html-encode	html-encode-1.2	4
307	imago	imago-20260101-git	4
308	let-over-lambda	let-over-lambda-20231021-git	4
309	lisp-binary	lisp-binary-20250622-git	4
310	lla	lla-20260101-git	4
311	log5	log5-20110619-git	4
312	metatilities	metatilities-20180228-git	4
313	millet	millet-20211209-git	4
314	mnas-package	mnas-package-20250622-git	4
315	com.gigamonkeys.binary-data	monkeylib-binary-data-20111203-git	4
316	nontrivial-gray-streams	nontrivial-gray-streams-20260101-git	4
317	north	north-20260101-git	4
318	proc-parse	proc-parse-20190813-git	4
319	random-state	random-state-20260101-git	4
320	reblocks-lass	reblocks-lass-20250622-git	4
321	40ants-routes	routes-20250622-git	4
322	test-utils	test-utils-20200610-git	4
323	trivial-do	trivial-do-20220331-git	4
324	trivial-download	trivial-download-20260101-git	4
325	trivial-extract	trivial-extract-20160421-git	4
326	trivial-http	trivial-http-20110219-http	4
327	try	try-20250622-git	4
328	ubiquitous	ubiquitous-20260101-git	4
329	uffi	uffi-20180228-git	4
330	unix-opts	unix-opts-20210124-git	4
331	url-rewrite	url-rewrite-20171227-git	4
332	vellum	vellum-20260101-git	4
333	which	which-20160421-git	4
334	zs3	zs3-release-1.3.4	4
335	aws-sign4	aws-sign4-20201220-git	3
336	bobbin	bobbin-20201016-hg	3
337	bodge-glfw	bodge-glfw-stable-git	3
338	bodge-libc-essentials	bodge-libc-essentials-stable-git	3
339	bodge-queue	bodge-queue-stable-git	3
340	bt-semaphore	bt-semaphore-20180711-git	3
341	buildnode	buildnode-20170403-git	3
342	caveman2	caveman-20241012-git	3
343	cl-algebraic-data-type	cl-algebraic-data-type-20260101-git	3
344	org.melusina.confidence	cl-confidence-20241012-git	3
345	cl-devil	cl-devil-20150302-git	3
346	cl-heap	cl-heap-0.1.6	3
347	jpl-util	cl-jpl-util-20151031-git	3
348	cl-mathstats	cl-mathstats-20230214-git	3
349	cl-mpg123	cl-mpg123-20260101-git	3
350	cl-murmurhash	cl-murmurhash-20210630-git	3
351	cl-muth	cl-muth-stable-git	3
352	nst	cl-nst-20210807-git	3
353	cl-out123	cl-out123-20260101-git	3
354	cl-pattern	cl-pattern-20140713-git	3
355	cl-quickcheck	cl-quickcheck-20200610-git	3
356	cl-sat	cl-sat-20220707-git	3
357	sdl2-image	cl-sdl2-image-20241012-git	3
358	sdl2-ttf	cl-sdl2-ttf-20241012-git	3
359	clavier	clavier-20250622-git	3
360	clingon	clingon-20260101-git	3
361	clsql-helper	clsql-helper-20180131-git	3
362	clss	clss-20260101-git	3
363	com.clearly-useful.protocols	com.clearly-useful.protocols-20130312-git	3
364	common-doc-plump	common-doc-plump-20160421-git	3
365	concrete-syntax-tree	concrete-syntax-tree-20260101-git	3
366	org.tfeb.conduit-packages	conduit-packages-20260101-git	3
367	conium	conium-20210630-git	3
368	crypto-shortcuts	crypto-shortcuts-20260101-git	3
369	deflate	deflate-20241012-git	3
370	dynamic-classes	dynamic-classes-20231021-git	3
371	easy-routes	easy-routes-20260101-git	3
372	f-underscore	f-underscore-20101006-darcs	3
373	flexichain	flexichain-20201220-git	3
374	function-cache	function-cache-20231021-git	3
375	glfw-blob	glfw-blob-stable-git	3
376	glop	glop-20171019-git	3
377	graylex	graylex-20110522-git	3
378	gsll	gsll-quicklisp-eeeda841-git	3
379	hu.dwim.serializer	hu.dwim.serializer-stable-git	3
380	language-codes	language-codes-20260101-git	3
381	lichat-serverlib	lichat-serverlib-20260101-git	3
382	maxpc	maxpc-20200427-git	3
383	metacopy	metacopy-20170403-darcs	3
384	mnas-string	mnas-string-20250622-git	3
385	mutility	mutility-20260101-git	3
386	myway	myway-20221106-git	3
387	net-telent-date	net-telent-date_0.42	3
388	numpy-file-format	numpy-file-format-20231021-git	3
389	origin	origin-20220707-git	3
390	parser.ini	parser.ini-20181018-git	3
391	periods	periods-20260101-git	3
392	policy-cond	policy-cond-20241012-git	3
393	precise-time	precise-time-20260101-git	3
394	priority-queue	priority-queue-20150709-git	3
395	prometheus	prometheus.cl-20201220-git	3
396	protobuf	protobuf-20230618-git	3
397	py-configparser	py-configparser-20170830-svn	3
398	pzmq	pzmq-20210531-git	3
399	reblocks-parenscript	reblocks-parenscript-20250622-git	3
400	reblocks-prometheus	reblocks-prometheus-20250622-git	3
401	restas	restas-20191008-git	3
402	s-sysdeps	s-sysdeps-20210228-git	3
403	s-utils	s-utils-20200427-git	3
404	secure-random	secure-random-20160208-git	3
405	seedable-rng	seedable-rng-20220707-git	3
406	series	series-20131111-git	3
407	should-test	should-test-20191007-git	3
408	simplet	simplet-20191227-git	3
409	smart-buffer	smart-buffer-20211020-git	3
410	text-draw	text-draw-20260101-git	3
411	timer-wheel	timer-wheel-20260101-git	3
412	trinsic	trinsic-20260101-git	3
413	trivial-channels	trivial-channels-20160421-git	3
414	trivial-custom-debugger	trivial-custom-debugger-20231021-git	3
415	trivial-exe	trivial-exe-20151218-git	3
416	trivial-file-size	trivial-file-size-20250622-git	3
417	trivial-with-current-source-form	trivial-with-current-source-form-20260101-git	3
418	type-r	type-r-20191227-git	3
419	unix-options	unix-options-20151031-git	3
420	utilities.print-items	utilities.print-items-20221106-git	3
421	vgplot	vgplot-20220707-git	3
422	wu-decimal	wu-decimal-20130128-git	3
423	xlunit	xlunit-20150923-git	3
